{
	"format_version": "1.8.0",
	"minecraft:client_entity": {
		"description": {
			"identifier": "game:cat",
			"materials": {
				"default": "cat"
			},
			"textures": {
				"white": "textures/entity/cat/white",
				"black": "textures/entity/cat/tuxedo",
				"red": "textures/entity/cat/red",
				"siamese": "textures/entity/cat/siamese",
				"british": "textures/entity/cat/britishshorthair",
				"calico": "textures/entity/cat/calico",
				"persian": "textures/entity/cat/persian",
				"ragdoll": "textures/entity/cat/ragdoll",
				"tabby": "textures/entity/cat/tabby",
				"jellie": "textures/entity/cat/jellie",
				"all_black": "textures/entity/cat/allblackcat",
				"white_tame": "textures/entity/cat/white_tame",
				"black_tame": "textures/entity/cat/tuxedo_tame",
				"red_tame": "textures/entity/cat/redtabby_tame",
				"siamese_tame": "textures/entity/cat/siamesecat_tame",
				"british_tame": "textures/entity/cat/britishshorthair_tame",
				"calico_tame": "textures/entity/cat/calico_tame",
				"persian_tame": "textures/entity/cat/persian_tame",
				"ragdoll_tame": "textures/entity/cat/ragdoll_tame",
				"tabby_tame": "textures/entity/cat/tabby_tame",
				"all_black_tame": "textures/entity/cat/allblackcat_tame",
				"jellie_tame": "textures/entity/cat/jellie_tame",
				"allblackcat_tame": "textures/entity/cat/allblackcat_tame",
				"allblackcat": "textures/entity/cat/allblackcat",
				"blackcat": "textures/entity/cat/blackcat",
				"britishshorthair_tame": "textures/entity/cat/britishshorthair_tame",
				"britishshorthair": "textures/entity/cat/britishshorthair",
				"graytabby_tame": "textures/entity/cat/graytabby_tame",
				"redtabby_tame": "textures/entity/cat/redtabby_tame",
				"redtabby": "textures/entity/cat/redtabby",
				"siamesecat_tame": "textures/entity/cat/siamesecat_tame",
				"siamesecat": "textures/entity/cat/siamesecat",
				"tuxedo_tame": "textures/entity/cat/tuxedo_tame",
				"tuxedo": "textures/entity/cat/tuxedo"
			},
			"geometry": {
				"default": "geometry.cat"
			},
			"animations": {
				"sneak": "animation.cat.sneak",
				"walk": "animation.cat.walk",
				"sprint": "animation.cat.sprint",
				"sit": "animation.cat.sit",
				"look_at_target": "animation.common.look_at_target",
				"baby_transform": "animation.cat.baby_transform",
				"lie_down": "animation.cat.lie_down"
			},
			"animation_controllers": [
				{
					"look_at_target": "controller.animation.cat.look_at_target"
				},
				{
					"move": "controller.animation.cat.move"
				},
				{
					"baby": "controller.animation.cat.baby"
				}
			],
			"render_controllers": ["controller.render.cat"],
			"spawn_egg": {
				"base_color": "#161509",
				"overlay_color": "#de359e"
			}
		}
	}
}