{
  "Source": "import",
  "CreateVersion": "",
  "EditVersion": "",
  "OldEditCount": 0,
  "NewEditCount": 0,
  "OldComponents": [],
  "Account": null,
  "UserName": null,
  "UserId": null,
  "Id": "a66a05786f46438cb162d269a8381e1f",
  "EditType": 0,
  "IsMap": false,
  "CreateNew": false,
  "EditName": null,
  "GameType": 0,
  "WorldType": 0,
  "Seed": null,
  "BlockNums": null,
  "BornPoint": null,
  "SaveBackMapPath": null,
  "SaveBackAddOnPath": null,
  "EditAddOnPaths": null,
  "EditMaterialPaths": null,
  "EditLogFilePath": "D:\\MCStudioDownload\\work\\editor\\edit.log",
  "ServerName": "EXPR",
  "StudioPort": 0,
  "DCWebUrl": "https://x19apigatewaytest.nie.netease.com",
  "ShowGuide": false,
  "AssertCacheDir": "D:\\MCStudioDownload\\EngineAssert",
  "ElkUrl": "https://x19mclexpr.nie.netease.com/client-log",
  "ShowGpuDriverTips": false,
  "StudioTempPath": "D:\\MCStudioDownload\\temp\\editorTemp",
  "EditorResourcePackPath": "D:\\Program Files (x86)\\Netease\\MCStudio\\data\\inner_res"
}