{
	"format_version": "1.8.0",
	"animations": {
		"animation.cat.baby_transform": {
			"loop": true,
			"bones": {
				"head": {
					"scale": 1.5
				}
			}
		},
		"animation.cat.lie_down": {
			"loop": true,
			"bones": {
				"backLegL": {
					"rotation": [-22.92, 0, 0],
					"position": [0, -0.7, 0]
				},
				"backLegR": {
					"rotation": [28.65, 0, -28.65],
					"position": [0.1, -1.2, 0]
				},
				"body": {
					"rotation": [0, 0, "math.lerprotate(0.0, 90.0, variable.liedownamount)"],
					"position": [0, "variable.liedownamount * -4.5 + variable.lieonplayer * (4.5 + query.is_baby * 6)", 0]
				},
				"frontLegL": {
					"rotation": [-72.81, 0, 0],
					"position": [0, -1, -1.5]
				},
				"frontLegR": {
					"rotation": [-30, 0, -14.46],
					"position": [0.2, -0.9, 0]
				},
				"head": {
					"rotation": [-10, "math.lerprotate(this, 75.81, variable.liedownamount)", 0],
					"position": [-0.1, 0, -0.5]
				},
				"tail1": {
					"rotation": ["math.lerprotate(this, -33.84, variable.liedownamounttail)", 0, 0],
					"position": [0, 0, 0]
				},
				"tail2": {
					"rotation": ["math.lerprotate(this, -68.92, variable.liedownamounttail)", 0, 0],
					"position": [0, 0, 0]
				}
			}
		},
		"animation.cat.sit": {
			"loop": true,
			"bones": {
				"backLegL": {
					"rotation": [-45, 0, 0],
					"position": [0, 0, 1]
				},
				"backLegR": {
					"rotation": [-45, 0, 0],
					"position": [0, 0, 1]
				},
				"body": {
					"rotation": [-45, 0, 0],
					"position": [0, -1, 0]
				},
				"frontLegL": {
					"rotation": [42.15, 0, 0],
					"position": [0, -4.5, -1]
				},
				"frontLegR": {
					"rotation": [42.15, 0, 0],
					"position": [0, -4.5, -1]
				},
				"tail1": {
					"rotation": [87.5, 0, 0],
					"position": [0, -3, 1]
				},
				"tail2": {
					"rotation": [-7.5, 0, 0],
					"position": [0, 0, 0]
				}
			}
		},
		"animation.cat.sneak": {
			"loop": true,
			"bones": {
				"backLegL": {
					"rotation": ["math.cos(query.modified_distance_moved * 38.17) * 57.3 * query.modified_move_speed", 0, 0],
					"position": [0, 1, 0]
				},
				"backLegR": {
					"rotation": ["math.cos(query.modified_distance_moved * 38.17 + 180.0) * 57.3 * query.modified_move_speed", 0, 0],
					"position": [0, 1, 0]
				},
				"body": {
					"position": [0, -1, 0]
				},
				"frontLegL": {
					"rotation": ["math.cos(query.modified_distance_moved * 38.17 + 180.0) * 57.3 * query.modified_move_speed", 0, 0],
					"position": [0, 1, 0]
				},
				"frontLegR": {
					"rotation": ["math.cos(query.modified_distance_moved * 38.17) * 57.3 * query.modified_move_speed", 0, 0],
					"position": [0, 1, 0]
				},
				"head": {
					"position": [0, -1, 0]
				},
				"tail1": {
					"position": [0, 1, 0]
				},
				"tail2": {
					"rotation": ["-3 + math.cos(query.modified_distance_moved * 57.3) * 27.0 * query.modified_move_speed", 0, 0]
				}
			}
		},
		"animation.cat.sprint": {
			"loop": true,
			"bones": {
				"backLegL": {
					"rotation": ["math.cos(query.modified_distance_moved * 38.17) * 57.3 * query.modified_move_speed", 0, 0]
				},
				"backLegR": {
					"rotation": ["math.cos(query.modified_distance_moved * 38.17 + 17.19) * 57.3 * query.modified_move_speed", 0, 0]
				},
				"frontLegL": {
					"rotation": ["math.cos(query.modified_distance_moved * 38.17 + 197.19) * 57.3 * query.modified_move_speed", 0, 0]
				},
				"frontLegR": {
					"rotation": ["math.cos(query.modified_distance_moved * 38.17 + 180.0) * 57.3 * query.modified_move_speed", 0, 0]
				},
				"tail1": {
					"rotation": [0, 0, 0]
				},
				"tail2": {
					"rotation": ["-8 + math.cos(query.modified_distance_moved * 57.3) * 18.0 * query.modified_move_speed", 0, 0]
				}
			}
		},
		"animation.cat.walk": {
			"loop": true,
			"bones": {
				"backLegL": {
					"rotation": ["math.cos(query.modified_distance_moved * 38.17) * 57.3 * query.modified_move_speed", 0, 0]
				},
				"backLegR": {
					"rotation": ["math.cos(query.modified_distance_moved * 38.17 + 180.0) * 57.3 * query.modified_move_speed", 0, 0]
				},
				"frontLegL": {
					"rotation": ["math.cos(query.modified_distance_moved * 38.17 + 180.0) * 57.3 * query.modified_move_speed", 0, 0]
				},
				"frontLegR": {
					"rotation": ["math.cos(query.modified_distance_moved * 38.17) * 57.3 * query.modified_move_speed", 0, 0]
				},
				"tail1": {
					"rotation": [28.43, 0, 0]
				},
				"tail2": {
					"rotation": ["-43 + math.cos(query.modified_distance_moved * 57.3) * 45.0 * query.modified_move_speed", 0, 0]
				}
			}
		}
	}
}